{
   "dashboards": [{
      "autoswitchEnabled": false,
      "columnCount": 1,
      "columnProportion": "1",
      "creationTime": 1492613965544,
      "description": "",
      "disabled": false,
      "id": "8abb8f61-f123-4ca4-8c56-dcfcaaa0aa17",
      "importAttempts": 0,
      "importComplete": true,
      "isDefault": false,
      "locked": false,
      "name": "SDMP Troubleshooting",
      "rank": 144,
      "shared": false,
      "temporary": false,
      "userId": "bd6f8a96-ee43-4478-afba-9d25a52fb4db",
      "widgetInteractions": [
         {
            "type": "resourceId",
            "widgetIdProvider": "69b2b6cd-8aa8-4215-a7e0-fa06e9794e4c",
            "widgetIdReceiver": "103b02a4-9142-45ad-92b8-95e8fa625d8d"
         },
         {
            "type": "resourceId",
            "widgetIdProvider": "69b2b6cd-8aa8-4215-a7e0-fa06e9794e4c",
            "widgetIdReceiver": "e15dc07f-99e9-451c-8515-d1f9fc087466"
         },
         {
            "type": "resourceId",
            "widgetIdProvider": "69b2b6cd-8aa8-4215-a7e0-fa06e9794e4c",
            "widgetIdReceiver": "65a0da74-7ed7-40a3-b57c-7ce9ab14db9e"
         },
         {
            "type": "resourceId",
            "widgetIdProvider": "69b2b6cd-8aa8-4215-a7e0-fa06e9794e4c",
            "widgetIdReceiver": "55779cd0-b598-4a7d-b3b0-4e90b9d4c1d3"
         },
         {
            "type": "resourceId",
            "widgetIdProvider": "d462030c-d533-432b-a43c-33d81f8ee68a",
            "widgetIdReceiver": "fdc94e58-a027-45d8-ab36-50d6a831946b"
         }
      ],
      "widgets": [
         {
            "collapsed": false,
            "config": {
               "additionalColumns": [
                  {
                     "boxLabel": "Running VMs",
                     "metricKey": "summary|number_running_vms",
                     "metricName": "Summary|Number of Running VMs (Virtual Machines)",
                     "resourceKindId": "002006VMWAREVMwareAdapter Instance"
                  },
                  {
                     "boxLabel": "Powered off VMs",
                     "metricKey": "summary|number_poweredOff_vms",
                     "metricName": "Summary|Number of Powered Off VMs",
                     "resourceKindId": "002006VMWAREVMwareAdapter Instance"
                  }
               ],
               "mode": {"mode": 0},
               "refreshContent": {"refreshContent": false},
               "refreshInterval": 300,
               "selectFirstRow": {"selectFirstRow": false},
               "tagFilter": {
                  "path": ["/source/instanceKind/instanceKind:resourceKind:id:0_::_"],
                  "value": {
                     "adapterInstance": [],
                     "adapterKind": [],
                     "bus": [],
                     "collector": [],
                     "day": [],
                     "exclaim": false,
                     "healthRange": [],
                     "kind": ["resourceKind:id:0_::_"],
                     "maintenanceSchedule": [],
                     "state": [],
                     "status": [],
                     "tag": [],
                     "tier": []
                  }
               },
               "title": "Choose a VC"
            },
            "gridsterCoords": {
               "h": 8,
               "w": 2,
               "x": 1,
               "y": 1
            },
            "height": 278,
            "id": "69b2b6cd-8aa8-4215-a7e0-fa06e9794e4c",
            "states": [{
               "key": "permResGrid_widget_8abb8f61-f123-4ca4-8c56-dcfcaaa0aa17_69b2b6cd-8aa8-4215-a7e0-fa06e9794e4c",
               "value": "o%3Acolumns%3Da%253Ao%25253Aid%25253Ds%2525253Ah1%25255Ehidden%25253Db%2525253A1%25255Ewidth%25253Dn%2525253A100%255Eo%25253Aid%25253Ds%2525253Ah2%25255Ewidth%25253Dn%2525253A100%255Eo%25253Aid%25253Ds%2525253Ah3%25255Ehidden%25253Db%2525253A1%25255Ewidth%25253Dn%2525253A100%255Eo%25253Aid%25253Ds%2525253Ah17%25255Ehidden%25253Db%2525253A0%25255Ewidth%25253Dn%2525253A100%255Eo%25253Aid%25253Ds%2525253Ah4%25255Ehidden%25253Db%2525253A1%25255Ewidth%25253Dn%2525253A100%255Eo%25253Aid%25253Ds%2525253Ah5%25255Ehidden%25253Db%2525253A1%25255Ewidth%25253Dn%2525253A100%255Eo%25253Aid%25253Ds%2525253Ah6%25255Ehidden%25253Db%2525253A1%25255Ewidth%25253Dn%2525253A100%255Eo%25253Aid%25253Ds%2525253Ah7%25255Ehidden%25253Db%2525253A1%25255Ewidth%25253Dn%2525253A100%255Eo%25253Aid%25253Ds%2525253Ah8%25255Ehidden%25253Db%2525253A1%25255Ewidth%25253Dn%2525253A100%255Eo%25253Aid%25253Ds%2525253Ah9%25255Ehidden%25253Db%2525253A1%25255Ewidth%25253Dn%2525253A100%255Eo%25253Aid%25253Ds%2525253Ah10%25255Ehidden%25253Db%2525253A1%25255Ewidth%25253Dn%2525253A100%255Eo%25253Aid%25253Ds%2525253Ah11%25255Ehidden%25253Db%2525253A1%25255Ewidth%25253Dn%2525253A100%255Eo%25253Aid%25253Ds%2525253Ah12%25255Ehidden%25253Db%2525253A1%25255Ewidth%25253Dn%2525253A100%255Eo%25253Aid%25253Ds%2525253Ah13%25255Ehidden%25253Db%2525253A1%25255Ewidth%25253Dn%2525253A100%255Eo%25253Aid%25253Ds%2525253Ah18%25255Ehidden%25253Db%2525253A0%25255Ewidth%25253Dn%2525253A100%255Eo%25253Aid%25253Ds%2525253Ah14%25255Ehidden%25253Db%2525253A0%25255Ewidth%25253Dn%2525253A100%255Eo%25253Aid%25253Ds%2525253Ah15%25255Ehidden%25253Db%2525253A0%25255Ewidth%25253Dn%2525253A100%255Eo%25253Aid%25253Ds%2525253Ah16%25255Ehidden%25253Db%2525253A1%25255Ewidth%25253Dn%2525253A100%255Eo%25253Aid%25253Ds%2525253Ah19%25255Ehidden%25253Db%2525253A1%25255Ewidth%25253Dn%2525253A100%255Eo%25253Aid%25253Ds%2525253Ah20%25255Ehidden%25253Db%2525253A1%25255Ewidth%25253Dn%2525253A100%255Eo%25253Aid%25253Ds%2525253Ah21%25255Ehidden%25253Db%2525253A1%25255Ewidth%25253Dn%2525253A100%255Eo%25253Aid%25253Ds%2525253Ah22%25255Ehidden%25253Db%2525253A1%25255Ewidth%25253Dn%2525253A100%255Eo%25253Aid%25253Ds%2525253Ah23%25255Ehidden%25253Db%2525253A1%25255Ewidth%25253Dn%2525253A100%255Eo%25253Aid%25253Ds%2525253Ah24%25255Ehidden%25253Db%2525253A1%25255Ewidth%25253Dn%2525253A100%255Eo%25253Aid%25253Ds%2525253Ah25%25255Ehidden%25253Db%2525253A1%25255Ewidth%25253Dn%2525253A100%255Eo%25253Aid%25253Ds%2525253Ah26%25255Ehidden%25253Db%2525253A1%25255Ewidth%25253Dn%2525253A100%255Eo%25253Aid%25253Ds%2525253Ah27%25255Ehidden%25253Db%2525253A1%25255Ewidth%25253Dn%2525253A100%255Eo%25253Aid%25253Ds%2525253Ah28%25255Ehidden%25253Db%2525253A1%25255Ewidth%25253Dn%2525253A100%255Eo%25253Aid%25253Ds%2525253Ah29%25255Ehidden%25253Db%2525253A1%25255Ewidth%25253Dn%2525253A100%255Eo%25253Aid%25253Ds%2525253Ah30%25255Ehidden%25253Db%2525253A1%25255Ewidth%25253Dn%2525253A100%255Eo%25253Aid%25253Ds%2525253Ah31%25255Ehidden%25253Db%2525253A1%25255Ewidth%25253Dn%2525253A100%255Eo%25253Aid%25253Ds%2525253Ah32%25255Ehidden%25253Db%2525253A1%25255Ewidth%25253Dn%2525253A100%255Eo%25253Aid%25253Ds%2525253Ah33%25255Ehidden%25253Db%2525253A1%25255Ewidth%25253Dn%2525253A100%255Eo%25253Aid%25253Ds%2525253Ah34%25255Ehidden%25253Db%2525253A1%25255Ewidth%25253Dn%2525253A100%255Eo%25253Aid%25253Ds%2525253Ah35%25255Ehidden%25253Db%2525253A1%25255Ewidth%25253Dn%2525253A100%255Eo%25253Aid%25253Ds%2525253Ah36%25255Ehidden%25253Db%2525253A1%25255Ewidth%25253Dn%2525253A100%255Eo%25253Aid%25253Ds%2525253Ah37%25255Ehidden%25253Db%2525253A1%25255Ewidth%25253Dn%2525253A100%255Eo%25253Aid%25253Ds%2525253Ah38%25255Ehidden%25253Db%2525253A1%25255Ewidth%25253Dn%2525253A100%255Eo%25253Aid%25253Ds%2525253Ah39%25255Ehidden%25253Db%2525253A1%25255Ewidth%25253Dn%2525253A100%255Eo%25253Aid%25253Ds%2525253Ah40%25255Ehidden%25253Db%2525253A1%25255Ewidth%25253Dn%2525253A100%255Eo%25253Aid%25253Ds%2525253Ah41%25255Ehidden%25253Db%2525253A1%25255Ewidth%25253Dn%2525253A100%255Eo%25253Aid%25253Ds%2525253Ah42%25255Ehidden%25253Db%2525253A1%25255Ewidth%25253Dn%2525253A100%255Eo%25253Aid%25253Ds%2525253Ah43%25255Ehidden%25253Db%2525253A1%25255Ewidth%25253Dn%2525253A100%255Eo%25253Aid%25253Ds%2525253Ah44%25255Ehidden%25253Db%2525253A1%25255Ewidth%25253Dn%2525253A100%255Eo%25253Aid%25253Ds%2525253Ah45%25255Ehidden%25253Db%2525253A1%25255Ewidth%25253Dn%2525253A100%255Eo%25253Aid%25253Ds%2525253Ah46%25255Ehidden%25253Db%2525253A1%25255Ewidth%25253Dn%2525253A100"
            }],
            "title": "Choose a VC",
            "type": "ResourceList"
         },
         {
            "collapsed": false,
            "config": {
               "resource": null,
               "selfProvider": {"selfProvider": false},
               "title": "VM Discovery Issues",
               "viewDefinitionId": "90548e68-4b95-4c61-b8c1-48d5aebc8981"
            },
            "gridsterCoords": {
               "h": 9,
               "w": 3,
               "x": 1,
               "y": 9
            },
            "height": 314,
            "id": "103b02a4-9142-45ad-92b8-95e8fa625d8d",
            "title": "VM Discovery Issues",
            "type": "View"
         },
         {
            "collapsed": false,
            "config": {
               "resource": null,
               "selfProvider": {"selfProvider": false},
               "title": "Discovery Failed Due to Tools Not Running",
               "viewDefinitionId": "830000e3-994d-4f22-9825-ab34611bc6ce"
            },
            "gridsterCoords": {
               "h": 8,
               "w": 3,
               "x": 4,
               "y": 18
            },
            "height": 278,
            "id": "e15dc07f-99e9-451c-8515-d1f9fc087466",
            "title": "Discovery Failed Due to Tools Not Running",
            "type": "View"
         },
         {
            "collapsed": false,
            "config": {
               "resource": null,
               "selfProvider": {"selfProvider": false},
               "title": "Discovery Failed Due to Tools Versions",
               "viewDefinitionId": "4a0bdefe-7211-40f2-8efc-7aa8e9e78d4d"
            },
            "gridsterCoords": {
               "h": 8,
               "w": 3,
               "x": 1,
               "y": 18
            },
            "height": 278,
            "id": "65a0da74-7ed7-40a3-b57c-7ce9ab14db9e",
            "title": "Discovery Failed Due to Tools Versions",
            "type": "View"
         },
         {
            "collapsed": false,
            "config": {
               "resource": null,
               "selfProvider": {"selfProvider": false},
               "title": "VMs With No Services Discovered",
               "viewDefinitionId": "77901606-dcfc-457b-a2f4-b9a46a131a0a"
            },
            "gridsterCoords": {
               "h": 9,
               "w": 3,
               "x": 4,
               "y": 9
            },
            "height": 314,
            "id": "55779cd0-b598-4a7d-b3b0-4e90b9d4c1d3",
            "title": "VMs With No Services Discovered",
            "type": "View"
         },
         {
            "collapsed": false,
            "config": {
               "additionalColumns": [
                  {
                     "boxLabel": "Collect Time (ms)",
                     "metricKey": "Instance Attributes|elapsed_collect_time",
                     "metricName": "Instance Generated|Elapsed collect time (ms)",
                     "resourceKindId": "002020APPLICATIONDISCOVERYApplicationDiscoveryAdapterInstance"
                  },
                  {
                     "boxLabel": "Number of Objects",
                     "metricKey": "Instance Attributes|collected_resources",
                     "metricName": "Instance Generated|Number of objects collected",
                     "resourceKindId": "002020APPLICATIONDISCOVERYApplicationDiscoveryAdapterInstance"
                  }
               ],
               "mode": {"mode": 0},
               "refreshContent": {"refreshContent": false},
               "refreshInterval": 300,
               "selectFirstRow": {"selectFirstRow": false},
               "tagFilter": {
                  "path": ["/source/kind/kind:resourceKind:id:1_::_"],
                  "value": {
                     "adapterInstance": [],
                     "adapterKind": [],
                     "bus": [],
                     "collector": [],
                     "day": [],
                     "exclaim": false,
                     "healthRange": [],
                     "kind": ["resourceKind:id:1_::_"],
                     "maintenanceSchedule": [],
                     "state": [],
                     "status": [],
                     "tag": [],
                     "tier": []
                  }
               },
               "title": "Configure Excluded Services"
            },
            "gridsterCoords": {
               "h": 8,
               "w": 2,
               "x": 3,
               "y": 1
            },
            "height": 278,
            "id": "d462030c-d533-432b-a43c-33d81f8ee68a",
            "states": [{
               "key": "permResGrid_widget_8abb8f61-f123-4ca4-8c56-dcfcaaa0aa17_d462030c-d533-432b-a43c-33d81f8ee68a",
               "value": "o%3Acolumns%3Da%253Ao%25253Aid%25253Ds%2525253Ah1%25255Ehidden%25253Db%2525253A1%25255Ewidth%25253Dn%2525253A100%255Eo%25253Aid%25253Ds%2525253Ah2%25255Ewidth%25253Dn%2525253A100%255Eo%25253Aid%25253Ds%2525253Ah3%25255Ehidden%25253Db%2525253A1%25255Ewidth%25253Dn%2525253A100%255Eo%25253Aid%25253Ds%2525253Ah18%25255Ehidden%25253Db%2525253A0%25255Ewidth%25253Dn%2525253A100%255Eo%25253Aid%25253Ds%2525253Ah17%25255Ehidden%25253Db%2525253A0%25255Ewidth%25253Dn%2525253A100%255Eo%25253Aid%25253Ds%2525253Ah4%25255Ehidden%25253Db%2525253A1%25255Ewidth%25253Dn%2525253A100%255Eo%25253Aid%25253Ds%2525253Ah5%25255Ehidden%25253Db%2525253A1%25255Ewidth%25253Dn%2525253A100%255Eo%25253Aid%25253Ds%2525253Ah19%25255Ehidden%25253Db%2525253A1%25255Ewidth%25253Dn%2525253A100%255Eo%25253Aid%25253Ds%2525253Ah6%25255Ehidden%25253Db%2525253A1%25255Ewidth%25253Dn%2525253A100%255Eo%25253Aid%25253Ds%2525253Ah7%25255Ehidden%25253Db%2525253A1%25255Ewidth%25253Dn%2525253A100%255Eo%25253Aid%25253Ds%2525253Ah8%25255Ehidden%25253Db%2525253A1%25255Ewidth%25253Dn%2525253A100%255Eo%25253Aid%25253Ds%2525253Ah9%25255Ehidden%25253Db%2525253A1%25255Ewidth%25253Dn%2525253A100%255Eo%25253Aid%25253Ds%2525253Ah10%25255Ehidden%25253Db%2525253A1%25255Ewidth%25253Dn%2525253A100%255Eo%25253Aid%25253Ds%2525253Ah11%25255Ehidden%25253Db%2525253A1%25255Ewidth%25253Dn%2525253A100%255Eo%25253Aid%25253Ds%2525253Ah12%25255Ehidden%25253Db%2525253A1%25255Ewidth%25253Dn%2525253A100%255Eo%25253Aid%25253Ds%2525253Ah13%25255Ehidden%25253Db%2525253A1%25255Ewidth%25253Dn%2525253A100%255Eo%25253Aid%25253Ds%2525253Ah14%25255Ewidth%25253Dn%2525253A100%255Eo%25253Aid%25253Ds%2525253Ah15%25255Ewidth%25253Dn%2525253A100%255Eo%25253Aid%25253Ds%2525253Ah16%25255Ehidden%25253Db%2525253A1%25255Ewidth%25253Dn%2525253A100%255Eo%25253Aid%25253Ds%2525253Ah20%25255Ehidden%25253Db%2525253A1%25255Ewidth%25253Dn%2525253A100%255Eo%25253Aid%25253Ds%2525253Ah21%25255Ehidden%25253Db%2525253A1%25255Ewidth%25253Dn%2525253A100%255Eo%25253Aid%25253Ds%2525253Ah22%25255Ehidden%25253Db%2525253A1%25255Ewidth%25253Dn%2525253A100%255Eo%25253Aid%25253Ds%2525253Ah23%25255Ehidden%25253Db%2525253A1%25255Ewidth%25253Dn%2525253A100%255Eo%25253Aid%25253Ds%2525253Ah24%25255Ehidden%25253Db%2525253A1%25255Ewidth%25253Dn%2525253A100%255Eo%25253Aid%25253Ds%2525253Ah25%25255Ehidden%25253Db%2525253A1%25255Ewidth%25253Dn%2525253A100%255Eo%25253Aid%25253Ds%2525253Ah26%25255Ehidden%25253Db%2525253A1%25255Ewidth%25253Dn%2525253A100%255Eo%25253Aid%25253Ds%2525253Ah27%25255Ehidden%25253Db%2525253A1%25255Ewidth%25253Dn%2525253A100%255Eo%25253Aid%25253Ds%2525253Ah28%25255Ehidden%25253Db%2525253A1%25255Ewidth%25253Dn%2525253A100%255Eo%25253Aid%25253Ds%2525253Ah29%25255Ehidden%25253Db%2525253A1%25255Ewidth%25253Dn%2525253A100%255Eo%25253Aid%25253Ds%2525253Ah30%25255Ehidden%25253Db%2525253A1%25255Ewidth%25253Dn%2525253A100%255Eo%25253Aid%25253Ds%2525253Ah31%25255Ehidden%25253Db%2525253A1%25255Ewidth%25253Dn%2525253A100%255Eo%25253Aid%25253Ds%2525253Ah32%25255Ehidden%25253Db%2525253A1%25255Ewidth%25253Dn%2525253A100%255Eo%25253Aid%25253Ds%2525253Ah33%25255Ehidden%25253Db%2525253A1%25255Ewidth%25253Dn%2525253A100%255Eo%25253Aid%25253Ds%2525253Ah34%25255Ehidden%25253Db%2525253A1%25255Ewidth%25253Dn%2525253A100%255Eo%25253Aid%25253Ds%2525253Ah35%25255Ehidden%25253Db%2525253A1%25255Ewidth%25253Dn%2525253A100%255Eo%25253Aid%25253Ds%2525253Ah36%25255Ehidden%25253Db%2525253A1%25255Ewidth%25253Dn%2525253A100%255Eo%25253Aid%25253Ds%2525253Ah37%25255Ehidden%25253Db%2525253A1%25255Ewidth%25253Dn%2525253A100%255Eo%25253Aid%25253Ds%2525253Ah38%25255Ehidden%25253Db%2525253A1%25255Ewidth%25253Dn%2525253A100%255Eo%25253Aid%25253Ds%2525253Ah39%25255Ehidden%25253Db%2525253A1%25255Ewidth%25253Dn%2525253A100%255Eo%25253Aid%25253Ds%2525253Ah40%25255Ehidden%25253Db%2525253A1%25255Ewidth%25253Dn%2525253A100%255Eo%25253Aid%25253Ds%2525253Ah41%25255Ehidden%25253Db%2525253A1%25255Ewidth%25253Dn%2525253A100%255Eo%25253Aid%25253Ds%2525253Ah42%25255Ehidden%25253Db%2525253A1%25255Ewidth%25253Dn%2525253A100%255Eo%25253Aid%25253Ds%2525253Ah43%25255Ehidden%25253Db%2525253A1%25255Ewidth%25253Dn%2525253A100%255Eo%25253Aid%25253Ds%2525253Ah44%25255Ehidden%25253Db%2525253A1%25255Ewidth%25253Dn%2525253A100%255Eo%25253Aid%25253Ds%2525253Ah45%25255Ehidden%25253Db%2525253A1%25255Ewidth%25253Dn%2525253A100%255Eo%25253Aid%25253Ds%2525253Ah46%25255Ehidden%25253Db%2525253A1%25255Ewidth%25253Dn%2525253A100"
            }],
            "title": "Configure Excluded Services",
            "type": "ResourceList"
         },
         {
            "collapsed": false,
            "config": {
               "boxColumns": 2,
               "boxHeight": null,
               "labelSize": 12,
               "metric": {
                  "mode": "resource",
                  "resourceKindMetrics": [],
                  "resourceMetrics": []
               },
               "mode": {"layoutMode": "fixedView"},
               "periodLength": "last6Hour",
               "refreshContent": {"refreshContent": false},
               "refreshInterval": 300,
               "resInteractionMode": "SDMPScoreboard",
               "roundDecimals": null,
               "selfProvider": {"selfProvider": false},
               "showMetricName": {"showMetricName": true},
               "showMetricUnit": {"showMetricUnit": true},
               "showResourceName": {"showResourceName": false},
               "showSparkline": {"showSparkline": true},
               "title": "SDMP Stats",
               "valueSize": 24,
               "visualTheme": 5
            },
            "gridsterCoords": {
               "h": 8,
               "w": 2,
               "x": 5,
               "y": 1
            },
            "height": 278,
            "id": "fdc94e58-a027-45d8-ab36-50d6a831946b",
            "title": "SDMP Stats",
            "type": "Scoreboard"
         }
      ]
   }],
   "entries": {"resourceKind": [
      {
         "adapterKindKey": "VMWARE",
         "internalId": "resourceKind:id:0_::_",
         "resourceKindKey": "VMwareAdapter Instance"
      },
      {
         "adapterKindKey": "APPLICATIONDISCOVERY",
         "internalId": "resourceKind:id:1_::_",
         "resourceKindKey": "ApplicationDiscoveryAdapterInstance"
      }
   ]},
   "uuid": "9c07cc2b-de4a-459b-a978-2b3764743c4b"
}