{
   "dashboards": [{
      "autoswitchEnabled": false,
      "columnCount": 1,
      "columnProportion": "1",
      "creationTime": 1479729737032,
      "description": "Operationalize Your World.\nA summary dashboard for IT Senior Management. \nIt answers questions: \n- What have we got? \n- How are they used?",
      "disabled": false,
      "id": "cda3f7d0-f4db-4d45-ad9b-3119653cd7bd",
      "importAttempts": 0,
      "importComplete": true,
      "isDefault": false,
      "locked": false,
      "name": "08 Senior Management/Management: Summary",
      "namePath": "08 Senior Management",
      "rank": 74,
      "shared": true,
      "temporary": false,
      "userId": "871ab55d-6f4e-42ba-81ef-ff68070d6d82",
      "widgetInteractions": [],
      "widgets": [
         {
            "collapsed": false,
            "config": {
               "boxColumns": 5,
               "boxHeight": null,
               "labelSize": 18,
               "metric": {
                  "mode": "resource",
                  "resourceKindMetrics": [
                     {
                        "colorMethod": 1,
                        "id": "extModel2638-1",
                        "isStringMetric": false,
                        "label": "Total No of Running VMs",
                        "metricKey": "summary|number_running_vms",
                        "metricName": "Summary|Number of Running VMs",
                        "metricUnitId": "VM",
                        "orangeBound": null,
                        "redBound": null,
                        "resourceKindId": "resourceKind:id:0_::_",
                        "resourceKindName": "vSphere World",
                        "unit": "VM",
                        "yellowBound": null
                     },
                     {
                        "colorMethod": 1,
                        "id": "extModel2638-2",
                        "isStringMetric": false,
                        "label": "Total CPU on Running VMs",
                        "metricKey": "summary|number_running_vcpus",
                        "metricName": "Summary|Number of VCPUs on Powered On VMs",
                        "metricUnitId": "CPU",
                        "orangeBound": null,
                        "redBound": null,
                        "resourceKindId": "resourceKind:id:0_::_",
                        "resourceKindName": "vSphere World",
                        "unit": "CPU",
                        "yellowBound": null
                     }
                  ],
                  "resourceMetrics": [
                     {
                        "colorMethod": 1,
                        "id": "extModel9045-1",
                        "isStringMetric": false,
                        "label": "No of VM",
                        "metricKey": "summary|number_running_vms",
                        "metricName": "Summary|Number of Running VMs",
                        "metricUnitId": "VMs",
                        "orangeBound": null,
                        "redBound": null,
                        "resourceId": "resource:id:0_::_",
                        "resourceKindId": "002006VMWAREvSphere World",
                        "resourceName": "vSphere World",
                        "unit": "VMs",
                        "yellowBound": null
                     },
                     {
                        "colorMethod": 1,
                        "id": "extModel22319-1",
                        "isStringMetric": false,
                        "label": "Total vCPU",
                        "metricKey": "summary|number_running_vcpus",
                        "metricName": "Summary|Number of VCPUs on Powered On VMs",
                        "metricUnitId": null,
                        "orangeBound": null,
                        "redBound": null,
                        "resourceId": "resource:id:0_::_",
                        "resourceKindId": "002006VMWAREvSphere World",
                        "resourceName": "vSphere World",
                        "unit": "",
                        "yellowBound": null
                     },
                     {
                        "colorMethod": 1,
                        "id": "extModel9071-1",
                        "isStringMetric": false,
                        "label": "Total vRAM",
                        "metricKey": "Super Metric|sm_b8207580-4b88-46e7-a303-b94b1777cbd0",
                        "metricName": "Super Metric|Ops. Total VM Configured RAM (TB)",
                        "metricUnitId": "TB",
                        "orangeBound": null,
                        "redBound": null,
                        "resourceId": "resource:id:0_::_",
                        "resourceKindId": "002006VMWAREvSphere World",
                        "resourceName": "vSphere World",
                        "unit": "TB",
                        "yellowBound": null
                     },
                     {
                        "colorMethod": 1,
                        "id": "extModel4617-1",
                        "isStringMetric": false,
                        "label": "VM Storage (configured)",
                        "metricKey": "Super Metric|sm_086a7466-c2d9-46bb-9b0a-66d4b9a97013",
                        "metricName": "Super Metric|Ops. Total VM Storage (configured) in TB",
                        "metricUnitId": "TB",
                        "orangeBound": null,
                        "redBound": null,
                        "resourceId": "resource:id:0_::_",
                        "resourceKindId": "002006VMWAREvSphere World",
                        "resourceName": "vSphere World",
                        "unit": "TB",
                        "yellowBound": null
                     },
                     {
                        "colorMethod": 1,
                        "id": "extModel4617-2",
                        "isStringMetric": false,
                        "label": "VM Storage (used)",
                        "metricKey": "Super Metric|sm_9f23a784-3181-4a69-b585-d1ab17c64818",
                        "metricName": "Super Metric|Ops. Total VM Storage (used) in TB",
                        "metricUnitId": "TB",
                        "orangeBound": null,
                        "redBound": null,
                        "resourceId": "resource:id:0_::_",
                        "resourceKindId": "002006VMWAREvSphere World",
                        "resourceName": "vSphere World",
                        "unit": "TB",
                        "yellowBound": null
                     }
                  ]
               },
               "mode": {"layoutMode": "fixedView"},
               "periodLength": null,
               "refreshContent": {"refreshContent": false},
               "refreshInterval": 300,
               "resInteractionMode": null,
               "roundDecimals": 1,
               "selfProvider": {"selfProvider": true},
               "showMetricName": {"showMetricName": true},
               "showMetricUnit": {"showMetricUnit": true},
               "showResourceName": {"showResourceName": false},
               "showSparkline": {"showSparkline": false},
               "title": "The Dining Area (Consumer layer)",
               "valueSize": 36,
               "visualTheme": 4
            },
            "gridsterCoords": {
               "h": 4,
               "w": 6,
               "x": 1,
               "y": 1
            },
            "height": 134,
            "id": "d0887c50-17e4-4436-802a-d20504e276cd",
            "title": "The Dining Area (Consumer layer)",
            "type": "Scoreboard",
            "x": 1,
            "y": 1
         },
         {
            "collapsed": false,
            "config": {
               "boxColumns": 6,
               "boxHeight": null,
               "labelSize": 18,
               "metric": {
                  "mode": "resource",
                  "resourceKindMetrics": [
                     {
                        "colorMethod": 1,
                        "id": "extModel3014-1",
                        "isStringMetric": false,
                        "label": "No of running ESXi",
                        "metricKey": "summary|number_running_hosts",
                        "metricName": "Summary|Number of Running Hosts",
                        "metricUnitId": null,
                        "orangeBound": null,
                        "redBound": null,
                        "resourceKindId": "resourceKind:id:0_::_",
                        "resourceKindName": "vSphere World",
                        "unit": "",
                        "yellowBound": null
                     },
                     {
                        "colorMethod": 1,
                        "id": "extModel3014-2",
                        "isStringMetric": false,
                        "label": "No of clusters",
                        "metricKey": "summary|total_number_clusters",
                        "metricName": "Summary|Total Number of Clusters",
                        "metricUnitId": null,
                        "orangeBound": null,
                        "redBound": null,
                        "resourceKindId": "resourceKind:id:0_::_",
                        "resourceKindName": "vSphere World",
                        "unit": "",
                        "yellowBound": null
                     },
                     {
                        "colorMethod": 1,
                        "id": "extModel3014-3",
                        "isStringMetric": false,
                        "label": "No of datacenters",
                        "metricKey": "summary|total_number_datacenters",
                        "metricName": "Summary|Total Number of Datacenters",
                        "metricUnitId": null,
                        "orangeBound": null,
                        "redBound": null,
                        "resourceKindId": "resourceKind:id:0_::_",
                        "resourceKindName": "vSphere World",
                        "unit": "",
                        "yellowBound": null
                     },
                     {
                        "colorMethod": 1,
                        "id": "extModel3014-4",
                        "isStringMetric": false,
                        "label": "No of datastores",
                        "metricKey": "summary|total_number_datastores",
                        "metricName": "Summary|Total Number of Datastores",
                        "metricUnitId": null,
                        "orangeBound": null,
                        "redBound": null,
                        "resourceKindId": "resourceKind:id:0_::_",
                        "resourceKindName": "vSphere World",
                        "unit": "",
                        "yellowBound": null
                     }
                  ],
                  "resourceMetrics": [
                     {
                        "colorMethod": 1,
                        "id": "extModel1842-3",
                        "isStringMetric": false,
                        "label": "No of running ESXi",
                        "metricKey": "summary|number_running_hosts",
                        "metricName": "Summary|Number of Running Hosts",
                        "metricUnitId": null,
                        "orangeBound": null,
                        "redBound": null,
                        "resourceId": "resource:id:0_::_",
                        "resourceKindId": "002006VMWAREvSphere World",
                        "resourceName": "vSphere World",
                        "unit": "",
                        "yellowBound": null
                     },
                     {
                        "colorMethod": 1,
                        "id": "extModel1842-5",
                        "isStringMetric": false,
                        "label": "Total physical cores",
                        "metricKey": "cpu|corecount_provisioned",
                        "metricName": "CPU|Number of physical CPUs",
                        "metricUnitId": "7001",
                        "orangeBound": null,
                        "redBound": null,
                        "resourceId": "resource:id:0_::_",
                        "resourceKindId": "002006VMWAREvSphere World",
                        "resourceName": "vSphere World",
                        "unit": "Cores",
                        "yellowBound": null
                     },
                     {
                        "colorMethod": 1,
                        "id": "extModel7427-1",
                        "isStringMetric": false,
                        "label": "Total RAM",
                        "metricKey": "mem|host_usable",
                        "metricName": "Memory|Usable Memory",
                        "metricUnitId": "tb",
                        "orangeBound": null,
                        "redBound": null,
                        "resourceId": "resource:id:0_::_",
                        "resourceKindId": "002006VMWAREvSphere World",
                        "resourceName": "vSphere World",
                        "unit": "TB",
                        "yellowBound": null
                     },
                     {
                        "colorMethod": 1,
                        "id": "extModel1842-4",
                        "isStringMetric": false,
                        "label": "No of clusters",
                        "metricKey": "summary|total_number_clusters",
                        "metricName": "Summary|Total Number of Clusters",
                        "metricUnitId": null,
                        "orangeBound": null,
                        "redBound": null,
                        "resourceId": "resource:id:0_::_",
                        "resourceKindId": "002006VMWAREvSphere World",
                        "resourceName": "vSphere World",
                        "unit": "",
                        "yellowBound": null
                     },
                     {
                        "colorMethod": 1,
                        "id": "extModel2238-1",
                        "isStringMetric": false,
                        "label": "No of shared datastores",
                        "metricKey": "Super Metric|sm_aa194f93-b903-4acd-9a06-0616c37613a8",
                        "metricName": "Super Metric|Ops. No of members in a group",
                        "metricUnitId": null,
                        "orangeBound": null,
                        "redBound": null,
                        "resourceId": "resource:id:1_::_",
                        "resourceKindId": "002009ContainerFunction",
                        "resourceName": "Datastores (Shared)",
                        "unit": "",
                        "yellowBound": null
                     },
                     {
                        "colorMethod": 1,
                        "id": "extModel3318-1",
                        "isStringMetric": false,
                        "label": "Total capacity",
                        "metricKey": "Super Metric|sm_27695309-eab1-48d6-8719-0c20fa55ca8e",
                        "metricName": "Super Metric|Ops. Total Capacity among all datastores (TB)",
                        "metricUnitId": "TB",
                        "orangeBound": null,
                        "redBound": null,
                        "resourceId": "resource:id:1_::_",
                        "resourceKindId": "002009ContainerFunction",
                        "resourceName": "Datastores (Shared)",
                        "unit": "TB",
                        "yellowBound": null
                     }
                  ]
               },
               "mode": {"layoutMode": "fixedView"},
               "periodLength": null,
               "refreshContent": {"refreshContent": false},
               "refreshInterval": 300,
               "resInteractionMode": null,
               "roundDecimals": 0,
               "selfProvider": {"selfProvider": true},
               "showMetricName": {"showMetricName": true},
               "showMetricUnit": {"showMetricUnit": true},
               "showResourceName": {"showResourceName": false},
               "showSparkline": {"showSparkline": false},
               "title": "The Kitchen (Provider layer)",
               "valueSize": 36,
               "visualTheme": 4
            },
            "gridsterCoords": {
               "h": 4,
               "w": 6,
               "x": 1,
               "y": 5
            },
            "height": 134,
            "id": "e0c0110c-5c33-4745-aa7a-d5f3633356c3",
            "title": "The Kitchen (Provider layer)",
            "type": "Scoreboard",
            "x": 1,
            "y": 2
         },
         {
            "collapsed": false,
            "config": {
               "resource": {
                  "adapterKindId": "VMWARE",
                  "allowDrag": true,
                  "allowDrop": true,
                  "checked": null,
                  "children": null,
                  "cls": "",
                  "depth": 1,
                  "expandable": true,
                  "expanded": false,
                  "href": "",
                  "hrefTarget": "",
                  "icon": "",
                  "iconCls": "resknd_default_vmware_vsphereworld",
                  "iconSrc": "images/resknd/default/16x16/VMWARE_vSphere World.png",
                  "id": "92efa8c0-5fbc-409e-bcc9-ea3ead075354",
                  "index": 0,
                  "isFirst": true,
                  "isLast": true,
                  "leaf": false,
                  "loaded": false,
                  "loading": false,
                  "nodeType": "resource",
                  "parentId": "source",
                  "qshowDelay": 0,
                  "qtip": "",
                  "qtitle": "",
                  "resourceId": "resource:id:0_::_",
                  "resourceKindId": "002006VMWAREvSphere World",
                  "resourceKindKey": "vSphere World",
                  "resourceName": "vSphere World",
                  "root": false,
                  "rootResourceId": "92efa8c0-5fbc-409e-bcc9-ea3ead075354",
                  "text": "vSphere World",
                  "traversalSpecId": "vSphere Hosts and Clusters-VMWARE-vSphere World",
                  "uniqueId": "92efa8c0-5fbc-409e-bcc9-ea3ead075354_1476189186560",
                  "visible": true
               },
               "selfProvider": {"selfProvider": true},
               "title": "VM Growth Trend (daily average)",
               "viewDefinitionId": "f4114637-9393-4dfa-a320-e0aaed7e49cb"
            },
            "gridsterCoords": {
               "h": 13,
               "w": 3,
               "x": 1,
               "y": 13
            },
            "height": 458,
            "id": "0aa6323a-858f-475c-9f05-fe96b6802b87",
            "title": "VM Growth Trend (daily average)",
            "type": "View",
            "x": 2,
            "y": 1
         },
         {
            "collapsed": false,
            "config": {
               "resource": {
                  "adapterKindId": "VMWARE",
                  "allowDrag": true,
                  "allowDrop": true,
                  "checked": null,
                  "children": null,
                  "cls": "",
                  "depth": 1,
                  "expandable": true,
                  "expanded": false,
                  "href": "",
                  "hrefTarget": "",
                  "icon": "",
                  "iconCls": "resknd_default_vmware_vsphereworld",
                  "iconSrc": "images/resknd/default/16x16/VMWARE_vSphere World.png",
                  "id": "92efa8c0-5fbc-409e-bcc9-ea3ead075354",
                  "index": 0,
                  "isFirst": true,
                  "isLast": true,
                  "leaf": false,
                  "loaded": false,
                  "loading": false,
                  "nodeType": "resource",
                  "parentId": "source",
                  "qshowDelay": 0,
                  "qtip": "",
                  "qtitle": "",
                  "resourceId": "resource:id:0_::_",
                  "resourceKindId": "002006VMWAREvSphere World",
                  "resourceKindKey": "vSphere World",
                  "resourceName": "vSphere World",
                  "root": false,
                  "rootResourceId": "92efa8c0-5fbc-409e-bcc9-ea3ead075354",
                  "text": "vSphere World",
                  "traversalSpecId": "vSphere Hosts and Clusters-VMWARE-vSphere World",
                  "uniqueId": "92efa8c0-5fbc-409e-bcc9-ea3ead075354_1471159919369",
                  "visible": true
               },
               "selfProvider": {"selfProvider": true},
               "title": "IaaS Uptime (VMware Clusters)",
               "viewDefinitionId": "8fd4e1f8-c6a5-440d-b584-e2f5fbf695df"
            },
            "gridsterCoords": {
               "h": 13,
               "w": 3,
               "x": 4,
               "y": 13
            },
            "height": 458,
            "id": "b7ca03ef-ef4f-40ff-a71b-9b414044be25",
            "title": "IaaS Uptime (VMware Clusters)",
            "type": "View",
            "x": 3,
            "y": 1
         },
         {
            "collapsed": false,
            "config": {
               "boxColumns": 2,
               "boxHeight": null,
               "labelSize": 18,
               "metric": {
                  "mode": "resource",
                  "resourceKindMetrics": [],
                  "resourceMetrics": [
                     {
                        "colorMethod": 0,
                        "id": "extModel9235-1",
                        "isStringMetric": false,
                        "label": "Total Powered-off VMs",
                        "metricKey": "Super Metric|sm_aa194f93-b903-4acd-9a06-0616c37613a8",
                        "metricName": "Super Metric|Ops. No of members in a group",
                        "metricUnitId": null,
                        "orangeBound": 20,
                        "redBound": 40,
                        "resourceId": "resource:id:2_::_",
                        "resourceKindId": "002009ContainerVM Types",
                        "resourceName": "Powered Off VMs",
                        "unit": "",
                        "yellowBound": 10
                     },
                     {
                        "colorMethod": 0,
                        "id": "extModel10392-1",
                        "isStringMetric": false,
                        "label": "Reclaimable Storage",
                        "metricKey": "Super Metric|sm_31576dc8-863c-4fd3-a9cb-86df952676f4",
                        "metricName": "Super Metric|Ops. Reclaimable Capacity (TB) from VMs",
                        "metricUnitId": "TB",
                        "orangeBound": 5,
                        "redBound": 10,
                        "resourceId": "resource:id:2_::_",
                        "resourceKindId": "002009ContainerVM Types",
                        "resourceName": "Powered Off VMs",
                        "unit": "TB",
                        "yellowBound": 1
                     }
                  ]
               },
               "mode": {"layoutMode": "fixedView"},
               "periodLength": null,
               "refreshContent": {"refreshContent": false},
               "refreshInterval": 300,
               "resInteractionMode": null,
               "roundDecimals": 1,
               "selfProvider": {"selfProvider": true},
               "showMetricName": {"showMetricName": true},
               "showMetricUnit": {"showMetricUnit": true},
               "showResourceName": {"showResourceName": false},
               "showSparkline": {"showSparkline": false},
               "title": "Optimization Opportunities",
               "valueSize": 36,
               "visualTheme": 4
            },
            "gridsterCoords": {
               "h": 4,
               "w": 6,
               "x": 1,
               "y": 9
            },
            "height": 134,
            "id": "8f5a8f1d-12b1-4379-9b5c-07e2b80e352c",
            "title": "Optimization Opportunities",
            "type": "Scoreboard",
            "x": 1,
            "y": 3
         }
      ]
   }],
   "entries": {
      "resource": [
         {
            "adapterKindKey": "VMWARE",
            "identifiers": [],
            "internalId": "resource:id:0_::_",
            "name": "vSphere World",
            "resourceKindKey": "vSphere World"
         },
         {
            "adapterKindKey": "Container",
            "identifiers": [],
            "internalId": "resource:id:1_::_",
            "name": "Datastores (Shared)",
            "resourceKindKey": "Function"
         },
         {
            "adapterKindKey": "Container",
            "identifiers": [],
            "internalId": "resource:id:2_::_",
            "name": "Powered Off VMs",
            "resourceKindKey": "VM Types"
         }
      ],
      "resourceKind": [{
         "adapterKindKey": "VMWARE",
         "internalId": "resourceKind:id:0_::_",
         "resourceKindKey": "vSphere World"
      }]
   },
   "uuid": "6a8167da-f1e2-41e5-929b-40f1ee1c9d8a"
}